pair,open_z,close_z,stop_z,window,n_trades,win_rate,avg_pnl_pct,total_pnl_pct,avg_win_pct,avg_loss_pct,profit_factor,n_stops,avg_duration_days,sharpe_approx
AL30/GD30,1.0,0.0,none,10,0,,,,,,,,,
AL30/GD30,1.0,0.0,none,20,0,,,,,,,,,
AL30/GD30,1.0,0.0,none,40,0,,,,,,,,,
AL30/GD30,1.0,0.0,3.0,10,0,,,,,,,,,
AL30/GD30,1.0,0.0,3.0,20,3,0.0,-3.1610646558754962,-9.48319396762649,0.0,-3.1610646558754962,0.0,3.0,197.0,-4.050172901943222
AL30/GD30,1.0,0.0,3.0,40,6,33.33333333333333,-1.0027933555249617,-6.01676013314977,1.0095105325010718,-2.008945299537978,0.25125386259477583,6.0,95.0,-0.6645512907523781
AL30/GD30,1.0,0.0,4.0,10,0,,,,,,,,,
AL30/GD30,1.0,0.0,4.0,20,0,,,,,,,,,
AL30/GD30,1.0,0.0,4.0,40,4,0.0,-2.2374713997794515,-8.949885599117806,0.0,-2.2374713997794515,0.0,4.0,140.25,-2.867847596599921
AL30/GD30,1.0,0.5,none,10,70,87.14285714285714,0.48398049657334974,33.87863476013448,0.6271096661626104,-0.4861172084205286,8.743590817031212,0.0,5.9,0.8012170921527162
AL30/GD30,1.0,0.5,none,20,64,93.75,0.6400421907558489,40.96270020837433,0.7080069500838254,-0.37942919916380086,27.989686283138816,0.0,6.84375,1.1210389277227533
AL30/GD30,1.0,0.5,none,40,38,86.8421052631579,0.5418930867240594,20.59193729551426,0.7193187896428455,-0.6291165525399272,7.546302815393619,0.0,10.236842105263158,0.8159356273401411
AL30/GD30,1.0,0.5,3.0,10,70,87.14285714285714,0.48398049657334974,33.87863476013448,0.6271096661626104,-0.4861172084205286,8.743590817031212,0.0,5.9,0.8012170921527162
AL30/GD30,1.0,0.5,3.0,20,67,92.53731343283582,0.5943112014514136,39.81885049724471,0.738292249152482,-1.1910537900418348,7.686322789140549,3.0,6.492537313432836,0.7449056303786205
AL30/GD30,1.0,0.5,3.0,40,44,79.54545454545455,0.3753172680304626,16.513959793340355,0.8268832705128474,-1.380772741623256,2.3288822745190823,6.0,8.613636363636363,0.3257626512563333
AL30/GD30,1.0,0.5,4.0,10,70,87.14285714285714,0.48398049657334974,33.87863476013448,0.6271096661626104,-0.4861172084205286,8.743590817031212,0.0,5.9,0.8012170921527162
AL30/GD30,1.0,0.5,4.0,20,64,93.75,0.6400421907558489,40.96270020837433,0.7080069500838254,-0.37942919916380086,27.989686283138816,0.0,6.84375,1.1210389277227533
AL30/GD30,1.0,0.5,4.0,40,42,80.95238095238095,0.38509298604755554,16.173905413997332,0.7816658895421408,-1.3003418538044316,2.554774362476017,4.0,9.166666666666666,0.3796724425874376
AL30/GD30,1.5,0.0,none,10,0,,,,,,,,,
AL30/GD30,1.5,0.0,none,20,0,,,,,,,,,
AL30/GD30,1.5,0.0,none,40,0,,,,,,,,,
AL30/GD30,1.5,0.0,3.0,10,0,,,,,,,,,
AL30/GD30,1.5,0.0,3.0,20,3,0.0,-2.9053958551000925,-8.716187565300277,0.0,-2.9053958551000925,0.0,3.0,195.0,-6.094728974171436
AL30/GD30,1.5,0.0,3.0,40,6,33.33333333333333,-0.4630633711568279,-2.778380226940967,2.1502743300956766,-1.7697322217830802,0.6075140361995511,6.0,86.83333333333333,-0.2360394017186388
AL30/GD30,1.5,0.0,4.0,10,0,,,,,,,,,
AL30/GD30,1.5,0.0,4.0,20,0,,,,,,,,,
AL30/GD30,1.5,0.0,4.0,40,4,0.0,-1.7189146221430487,-6.875658488572195,0.0,-1.7189146221430487,0.0,4.0,128.25,-1.9398105695796142
AL30/GD30,1.5,0.5,none,10,45,80.0,0.6498979824435628,29.245409209960325,0.9256053548047204,-0.4529315070010682,8.174351666840764,0.0,6.355555555555555,0.719771187689367
AL30/GD30,1.5,0.5,none,20,39,89.74358974358975,0.7654271787284286,29.851659970408715,0.8962679076303977,-0.37942919916380086,20.668794623737995,0.0,8.23076923076923,1.0578695341658766
AL30/GD30,1.5,0.5,none,40,22,81.81818181818183,0.4652175526497853,10.234786158295277,0.6736758238530133,-0.4728446677647406,6.411283480618364,0.0,13.409090909090908,0.8730323167307643
AL30/GD30,1.5,0.5,3.0,10,45,80.0,0.6498979824435628,29.245409209960325,0.9256053548047204,-0.4529315070010682,8.174351666840764,0.0,6.355555555555555,0.719771187689367
AL30/GD30,1.5,0.5,3.0,20,42,88.09523809523809,0.6835192918875976,28.7078102592791,0.9368399786348182,-1.1910537900418348,5.820573260300992,3.0,7.571428571428571,0.6764867666746138
AL30/GD30,1.5,0.5,3.0,40,27,70.37037037037037,0.2369858930311631,6.398619111841404,0.9248089313057914,-1.396593822871079,1.5726986442886537,6.0,10.333333333333334,0.1796444138596139
AL30/GD30,1.5,0.5,4.0,10,45,80.0,0.6498979824435628,29.245409209960325,0.9256053548047204,-0.4529315070010682,8.174351666840764,0.0,6.355555555555555,0.719771187689367
AL30/GD30,1.5,0.5,4.0,20,39,89.74358974358975,0.7654271787284286,29.851659970408715,0.8962679076303977,-0.37942919916380086,20.668794623737995,0.0,8.23076923076923,1.0578695341658766
AL30/GD30,1.5,0.5,4.0,40,25,72.0,0.19555392736806382,4.888848184201596,0.7798543846109098,-1.3069329626849686,1.5343861570547281,4.0,11.44,0.1764453433115671
AL30/GD30,1.5,1.0,none,10,58,87.93103448275862,0.5502932393321531,31.91700788126488,0.6934697099095221,-0.4928496177315343,10.251447886787457,0.0,3.0,0.7626772768495883
AL30/GD30,1.5,1.0,none,20,47,85.1063829787234,0.6756607373134524,31.756054653732267,0.8549840362234941,-0.3490438278867853,13.9971621721927,0.0,4.361702127659575,0.9726352830315166
AL30/GD30,1.5,1.0,none,40,36,91.66666666666666,0.5491940166853271,19.770984600671774,0.6534109048948207,-0.5971917536191041,12.03553115106695,0.0,5.694444444444445,0.9965805547145361
AL30/GD30,1.5,1.0,3.0,10,58,87.93103448275862,0.5502932393321531,31.91700788126488,0.6934697099095221,-0.4928496177315343,10.251447886787457,0.0,3.0,0.7626772768495883
AL30/GD30,1.5,1.0,3.0,20,50,84.0,0.5948926574395366,29.74463287197683,0.8643424382993374,-0.8197186920744168,5.535798859957634,3.0,4.04,0.6516487657580526
AL30/GD30,1.5,1.0,3.0,40,41,82.92682926829268,0.40226250120963153,16.492762549594893,0.7811732449340465,-1.4381611111660988,2.638278853018086,6.0,4.658536585365853,0.3870887533256096
AL30/GD30,1.5,1.0,4.0,10,58,87.93103448275862,0.5502932393321531,31.91700788126488,0.6934697099095221,-0.4928496177315343,10.251447886787457,0.0,3.0,0.7626772768495883
AL30/GD30,1.5,1.0,4.0,20,47,85.1063829787234,0.6756607373134524,31.756054653732267,0.8549840362234941,-0.3490438278867853,13.9971621721927,0.0,4.361702127659575,0.9726352830315166
AL30/GD30,1.5,1.0,4.0,40,39,87.17948717948718,0.38484617663547177,15.0090008887834,0.6805281117302635,-1.6257909820091114,2.846362915635767,4.0,5.076923076923077,0.4146167004868072
AL30/GD30,2.0,0.0,none,10,0,,,,,,,,,
AL30/GD30,2.0,0.0,none,20,0,,,,,,,,,
AL30/GD30,2.0,0.0,none,40,0,,,,,,,,,
AL30/GD30,2.0,0.0,3.0,10,0,,,,,,,,,
AL30/GD30,2.0,0.0,3.0,20,2,0.0,-2.0868826803261187,-4.173765360652237,0.0,-2.0868826803261187,0.0,2.0,285.5,-12.062007333083358
AL30/GD30,2.0,0.0,3.0,40,6,33.33333333333333,-0.05938784071453888,-0.3563270442872333,3.3981292361499578,-1.7881463791467873,0.9501820644491568,6.0,70.66666666666667,-0.023000967658184823
AL30/GD30,2.0,0.0,4.0,10,0,,,,,,,,,
AL30/GD30,2.0,0.0,4.0,20,0,,,,,,,,,
AL30/GD30,2.0,0.0,4.0,40,4,25.0,-1.0966856246427492,-4.386742498570997,1.8230775483661148,-2.0699400156457037,0.29357977116668893,4.0,104.0,-0.603382048496631
AL30/GD30,2.0,0.5,none,10,21,90.47619047619048,0.9932919028892031,20.859129960673265,1.1705751648001657,-0.6908990852649425,16.095641610724023,0.0,6.380952380952381,1.0248305862318148
AL30/GD30,2.0,0.5,none,20,20,80.0,0.7619483356342678,15.238966712685356,1.0541172800875152,-0.4067274421787229,10.36681738946268,0.0,9.7,0.8502292558714796
AL30/GD30,2.0,0.5,none,40,12,75.0,0.701383985092054,8.416607821104648,1.0570520183311778,-0.365620114625317,8.673363220848215,0.0,15.916666666666666,0.7522563228037479
AL30/GD30,2.0,0.5,3.0,10,21,90.47619047619048,0.9932919028892031,20.859129960673265,1.1705751648001657,-0.6908990852649425,16.095641610724023,0.0,6.380952380952381,1.0248305862318148
AL30/GD30,2.0,0.5,3.0,20,22,81.81818181818183,0.7866350443776778,17.305970976308913,1.1706892022635111,-0.9416086661085721,5.594788578101682,2.0,8.454545454545455,0.6793721783450227
AL30/GD30,2.0,0.5,3.0,40,17,58.82352941176471,0.2690266823838713,4.573453600525812,1.4958673030436396,-1.4836027757015118,1.4403810272273843,6.0,10.294117647058824,0.15496916274087114
AL30/GD30,2.0,0.5,4.0,10,21,90.47619047619048,0.9932919028892031,20.859129960673265,1.1705751648001657,-0.6908990852649425,16.095641610724023,0.0,6.380952380952381,1.0248305862318148
AL30/GD30,2.0,0.5,4.0,20,20,80.0,0.7619483356342678,15.238966712685356,1.0541172800875152,-0.4067274421787229,10.36681738946268,0.0,9.7,0.8502292558714796
AL30/GD30,2.0,0.5,4.0,40,15,60.0,0.20471132313406445,3.070669847010967,1.2694091398469707,-1.392335401935295,1.367568264890635,4.0,12.133333333333333,0.13148083360498683
AL30/GD30,2.0,1.0,none,10,24,95.83333333333334,0.8306352615062794,19.935246276150707,0.904886648649468,-0.8771466427870591,23.727381379250513,0.0,2.8333333333333335,1.0555132575098998
AL30/GD30,2.0,1.0,none,20,22,77.27272727272727,0.5498092893036247,12.095804364679744,0.8625491372489822,-0.5135061937105906,5.711064642580289,0.0,5.2272727272727275,0.7189723909348368
AL30/GD30,2.0,1.0,none,40,16,87.5,0.5740384131102327,9.184614609763724,0.7322620048080074,-0.5335267287741892,9.607454991866994,0.0,8.5625,0.8516472173924672
AL30/GD30,2.0,1.0,3.0,10,24,95.83333333333334,0.8306352615062794,19.935246276150707,0.904886648649468,-0.8771466427870591,23.727381379250513,0.0,2.8333333333333335,1.0555132575098998
AL30/GD30,2.0,1.0,3.0,20,24,79.16666666666666,0.5892434716536715,14.141843319688117,0.9524044923296823,-0.7907684069151696,4.576734527080113,2.0,4.458333333333333,0.6105916888943096
AL30/GD30,2.0,1.0,3.0,40,21,71.42857142857143,0.28125678850889735,5.906392558686844,1.01659990223604,-1.5571009958089592,1.6321996854608116,6.0,5.857142857142857,0.20378690137589853
AL30/GD30,2.0,1.0,4.0,10,24,95.83333333333334,0.8306352615062794,19.935246276150707,0.904886648649468,-0.8771466427870591,23.727381379250513,0.0,2.8333333333333335,1.0555132575098998
AL30/GD30,2.0,1.0,4.0,20,22,77.27272727272727,0.5498092893036247,12.095804364679744,0.8625491372489822,-0.5135061937105906,5.711064642580289,0.0,5.2272727272727275,0.7189723909348368
AL30/GD30,2.0,1.0,4.0,40,19,78.94736842105263,0.23277004725659742,4.422630897875351,0.7884709336407985,-1.851108276684156,1.5972950034286353,4.0,6.842105263157895,0.18809360648426193
AL30/GD30,2.5,0.0,none,10,0,,,,,,,,,
AL30/GD30,2.5,0.0,none,20,0,,,,,,,,,
AL30/GD30,2.5,0.0,none,40,0,,,,,,,,,
AL30/GD30,2.5,0.0,3.0,10,0,,,,,,,,,
AL30/GD30,2.5,0.0,3.0,20,2,50.0,0.34529059711927856,0.6905811942385571,1.8230775483661148,-1.1324963541275577,1.609786682068889,2.0,260.5,0.23365384085165355
AL30/GD30,2.5,0.0,3.0,40,5,20.0,-0.9010754280319695,-4.5053771401598475,2.6472083764273022,-1.7881463791467873,0.3701050997975926,5.0,64.2,-0.4743438018261679
AL30/GD30,2.5,0.0,4.0,10,0,,,,,,,,,
AL30/GD30,2.5,0.0,4.0,20,0,,,,,,,,,
AL30/GD30,2.5,0.0,4.0,40,4,25.0,-0.8906529176274525,-3.56261167050981,2.6472083764273022,-2.0699400156457037,0.42629389522052136,4.0,77.25,-0.4137418671465288
AL30/GD30,2.5,0.5,none,10,2,100.0,0.7379445459964362,1.4758890919928724,0.7379445459964362,0.0,inf,0.0,4.0,2.205704829394874
AL30/GD30,2.5,0.5,none,20,8,87.5,1.0625843107602135,8.500674486081708,1.3268988823082364,-0.7876176900759458,11.792894310515084,0.0,6.0,1.2956119753780808
AL30/GD30,2.5,0.5,none,40,7,85.71428571428571,1.1364199079004307,7.954939355303014,1.3503700657173034,-0.147281039000806,55.01197200448512,0.0,18.857142857142858,0.9265861830859912
AL30/GD30,2.5,0.5,3.0,10,2,100.0,0.7379445459964362,1.4758890919928724,0.7379445459964362,0.0,inf,0.0,4.0,2.205704829394874
AL30/GD30,2.5,0.5,3.0,20,9,88.88888888888889,1.2198301204741844,10.97847108426766,1.5657003817227886,-1.5471319695146482,8.096014626154822,1.0,4.555555555555555,1.0043801507699495
AL30/GD30,2.5,0.5,3.0,40,10,60.0,0.4352886705740052,4.352886705740052,1.642581826526073,-1.3756510633540961,1.7910593793906748,4.0,12.1,0.2437642126917666
AL30/GD30,2.5,0.5,4.0,10,2,100.0,0.7379445459964362,1.4758890919928724,0.7379445459964362,0.0,inf,0.0,4.0,2.205704829394874
AL30/GD30,2.5,0.5,4.0,20,8,87.5,1.0625843107602135,8.500674486081708,1.3268988823082364,-0.7876176900759458,11.792894310515084,0.0,6.0,1.2956119753780808
AL30/GD30,2.5,0.5,4.0,40,10,60.0,0.260588871682366,2.60588871682366,1.642581826526073,-1.812400560583194,1.3594526471544925,4.0,12.3,0.13207120416417917
AL30/GD30,2.5,1.0,none,10,2,100.0,0.7379445459964362,1.4758890919928724,0.7379445459964362,0.0,inf,0.0,4.0,2.205704829394874
AL30/GD30,2.5,1.0,none,20,8,87.5,0.8723228035028749,6.9785824280229996,1.1708279759861544,-1.2172134038800801,6.733244807999609,0.0,3.875,0.9954830847107572
AL30/GD30,2.5,1.0,none,40,8,75.0,0.8614611072975112,6.89168885838009,1.3002903628290918,-0.45502665929723063,8.572840752917655,0.0,8.125,0.7620382235219364
AL30/GD30,2.5,1.0,3.0,10,2,100.0,0.7379445459964362,1.4758890919928724,0.7379445459964362,0.0,inf,0.0,4.0,2.205704829394874
AL30/GD30,2.5,1.0,3.0,20,9,88.88888888888889,1.048772315345097,9.438950838105873,1.3732603509525652,-1.5471319695146482,7.1009345189001385,1.0,2.6666666666666665,0.9474055716426413
AL30/GD30,2.5,1.0,3.0,40,11,63.63636363636363,0.3522303509870945,3.8745338608580395,1.3395911591820606,-1.3756510633540961,1.7041272972615595,4.0,5.090909090909091,0.2285470589015341
AL30/GD30,2.5,1.0,4.0,10,2,100.0,0.7379445459964362,1.4758890919928724,0.7379445459964362,0.0,inf,0.0,4.0,2.205704829394874
AL30/GD30,2.5,1.0,4.0,20,8,87.5,0.8723228035028749,6.9785824280229996,1.1708279759861544,-1.2172134038800801,6.733244807999609,0.0,3.875,0.9954830847107572
AL30/GD30,2.5,1.0,4.0,40,11,63.63636363636363,0.1934123519946952,2.1275358719416473,1.3395911591820606,-1.812400560583194,1.2934693243607598,4.0,5.2727272727272725,0.11182134708725541
AL35/GD35,1.0,0.0,none,10,0,,,,,,,,,
AL35/GD35,1.0,0.0,none,20,0,,,,,,,,,
AL35/GD35,1.0,0.0,none,40,0,,,,,,,,,
AL35/GD35,1.0,0.0,3.0,10,0,,,,,,,,,
AL35/GD35,1.0,0.0,3.0,20,3,33.33333333333333,-1.9585281224244584,-5.875584367273375,0.6878853469762681,-3.281734857124822,0.10480513766717507,3.0,193.33333333333334,-0.8786887456830511
AL35/GD35,1.0,0.0,3.0,40,5,20.0,-1.4893104430698454,-7.446552215349227,3.1060606060605958,-2.6381532053524555,0.2943404310029095,5.0,112.0,-0.623372252979228
AL35/GD35,1.0,0.0,4.0,10,0,,,,,,,,,
AL35/GD35,1.0,0.0,4.0,20,0,,,,,,,,,
AL35/GD35,1.0,0.0,4.0,40,0,,,,,,,,,
AL35/GD35,1.0,0.5,none,10,84,94.04761904761905,0.752465000379391,63.20706003186884,0.8444896579113214,-0.7015245886251134,19.019912931561105,0.0,5.178571428571429,1.0021133391115797
AL35/GD35,1.0,0.5,none,20,65,96.92307692307692,0.8280830685293326,53.825399454406615,0.9395988870326754,-2.684665214325962,11.024601795259699,0.0,5.661538461538462,0.987104470678511
AL35/GD35,1.0,0.5,none,40,59,94.91525423728814,0.8787450240201734,51.84595641719023,0.9949979205484427,-1.291309044507523,14.383307075795871,0.0,5.864406779661017,1.1705595871674128
AL35/GD35,1.0,0.5,3.0,10,84,94.04761904761905,0.752465000379391,63.20706003186884,0.8444896579113214,-0.7015245886251134,19.019912931561105,0.0,5.178571428571429,1.0021133391115797
AL35/GD35,1.0,0.5,3.0,20,67,94.02985074626866,0.7950670241552708,53.26949061840314,0.9818510884909873,-2.146781989132268,7.203411767947469,3.0,5.358208955223881,0.7745611555327856
AL35/GD35,1.0,0.5,3.0,40,64,89.0625,0.716389040235794,45.848898575090814,1.0346303409844433,-1.875004408717494,4.493241201531097,5.0,5.28125,0.6465299507789934
AL35/GD35,1.0,0.5,4.0,10,84,94.04761904761905,0.752465000379391,63.20706003186884,0.8444896579113214,-0.7015245886251134,19.019912931561105,0.0,5.178571428571429,1.0021133391115797
AL35/GD35,1.0,0.5,4.0,20,65,96.92307692307692,0.8280830685293326,53.825399454406615,0.9395988870326754,-2.684665214325962,11.024601795259699,0.0,5.661538461538462,0.987104470678511
AL35/GD35,1.0,0.5,4.0,40,59,94.91525423728814,0.8787450240201734,51.84595641719023,0.9949979205484427,-1.291309044507523,14.383307075795871,0.0,5.864406779661017,1.1705595871674128
AL35/GD35,1.5,0.0,none,10,0,,,,,,,,,
AL35/GD35,1.5,0.0,none,20,0,,,,,,,,,
AL35/GD35,1.5,0.0,none,40,0,,,,,,,,,
AL35/GD35,1.5,0.0,3.0,10,0,,,,,,,,,
AL35/GD35,1.5,0.0,3.0,20,3,33.33333333333333,-1.9138934641534397,-5.741680392460319,0.8217893217893245,-3.281734857124822,0.12520653824381575,3.0,188.66666666666666,-0.8386272926922516
AL35/GD35,1.5,0.0,3.0,40,5,20.0,-1.3875004126915242,-6.937502063457622,3.1060606060605958,-2.510890667379554,0.3092588465134346,5.0,110.6,-0.5872333122483827
AL35/GD35,1.5,0.0,4.0,10,0,,,,,,,,,
AL35/GD35,1.5,0.0,4.0,20,0,,,,,,,,,
AL35/GD35,1.5,0.0,4.0,40,0,,,,,,,,,
AL35/GD35,1.5,0.5,none,10,50,96.0,0.9003872205187949,45.019361025939745,0.9558057604517911,-0.42965773787311734,53.389794314881456,0.0,5.32,1.2626010993939056
AL35/GD35,1.5,0.5,none,20,45,95.55555555555556,0.9896261910881926,44.53317859896867,1.1086054256058122,-1.5684273510406284,15.196761670032583,0.0,5.688888888888889,1.217430229636306
AL35/GD35,1.5,0.5,none,40,34,94.11764705882352,1.105199732759891,37.5767909138363,1.2261231909194614,-0.8295755977932328,23.648201691199045,0.0,7.176470588235294,1.4502784803481048
AL35/GD35,1.5,0.5,3.0,10,50,96.0,0.9003872205187949,45.019361025939745,0.9558057604517911,-0.42965773787311734,53.389794314881456,0.0,5.32,1.2626010993939056
AL35/GD35,1.5,0.5,3.0,20,46,95.65217391304348,0.9990067843126483,45.954312078381825,1.1575840632296979,-2.489693351862446,10.22891006717858,1.0,5.434782608695652,0.9415165499651534
AL35/GD35,1.5,0.5,3.0,40,37,89.1891891891892,0.9113474454162592,33.71985548040159,1.266536438523237,-2.0189617477163093,5.175395536659231,3.0,6.45945945945946,0.7245955001067926
AL35/GD35,1.5,0.5,4.0,10,50,96.0,0.9003872205187949,45.019361025939745,0.9558057604517911,-0.42965773787311734,53.389794314881456,0.0,5.32,1.2626010993939056
AL35/GD35,1.5,0.5,4.0,20,45,95.55555555555556,0.9896261910881926,44.53317859896867,1.1086054256058122,-1.5684273510406284,15.196761670032583,0.0,5.688888888888889,1.217430229636306
AL35/GD35,1.5,0.5,4.0,40,34,94.11764705882352,1.105199732759891,37.5767909138363,1.2261231909194614,-0.8295755977932328,23.648201691199045,0.0,7.176470588235294,1.4502784803481048
AL35/GD35,1.5,1.0,none,10,60,95.0,0.7286093776201238,43.716562657207426,0.8101731547705585,-0.8211023882381371,18.747101653997667,0.0,2.65,1.094398803966095
AL35/GD35,1.5,1.0,none,20,54,96.29629629629629,1.0585985989139162,57.164324341351474,1.1139381939686452,-0.38023087250903775,76.1705456794447,0.0,3.1296296296296298,1.5141407470152566
AL35/GD35,1.5,1.0,none,40,42,95.23809523809523,0.9916781217125493,41.65048111192707,1.0930304380568021,-1.035368205172507,21.113849789789285,0.0,4.119047619047619,1.3976754444032196
AL35/GD35,1.5,1.0,3.0,10,60,95.0,0.7286093776201238,43.716562657207426,0.8101731547705585,-0.8211023882381371,18.747101653997667,0.0,2.65,1.094398803966095
AL35/GD35,1.5,1.0,3.0,20,54,96.29629629629629,1.0585985989139162,57.164324341351474,1.1139381939686452,-0.38023087250903775,76.1705456794447,0.0,3.1296296296296298,1.5141407470152566
AL35/GD35,1.5,1.0,3.0,40,45,91.11111111111111,0.8398565706331635,37.79354567849236,1.128804338636979,-2.121858051405946,5.452883364823853,3.0,3.7333333333333334,0.7353978801498908
AL35/GD35,1.5,1.0,4.0,10,60,95.0,0.7286093776201238,43.716562657207426,0.8101731547705585,-0.8211023882381371,18.747101653997667,0.0,2.65,1.094398803966095
AL35/GD35,1.5,1.0,4.0,20,54,96.29629629629629,1.0585985989139162,57.164324341351474,1.1139381939686452,-0.38023087250903775,76.1705456794447,0.0,3.1296296296296298,1.5141407470152566
AL35/GD35,1.5,1.0,4.0,40,42,95.23809523809523,0.9916781217125493,41.65048111192707,1.0930304380568021,-1.035368205172507,21.113849789789285,0.0,4.119047619047619,1.3976754444032196
AL35/GD35,2.0,0.0,none,10,0,,,,,,,,,
AL35/GD35,2.0,0.0,none,20,0,,,,,,,,,
AL35/GD35,2.0,0.0,none,40,0,,,,,,,,,
AL35/GD35,2.0,0.0,3.0,10,0,,,,,,,,,
AL35/GD35,2.0,0.0,3.0,20,3,66.66666666666666,2.242387167954462,6.727161503863385,4.159443823567958,-1.5917261432725311,5.226330975523582,3.0,147.66666666666666,0.6715278371832429
AL35/GD35,2.0,0.0,3.0,40,4,50.0,-0.2372492414011519,-0.9489969656046076,2.1275019419643466,-2.6020004247666506,0.8176408895687027,4.0,112.75,-0.08662739806319755
AL35/GD35,2.0,0.0,4.0,10,0,,,,,,,,,
AL35/GD35,2.0,0.0,4.0,20,0,,,,,,,,,
AL35/GD35,2.0,0.0,4.0,40,0,,,,,,,,,
AL35/GD35,2.0,0.5,none,10,20,100.0,1.2294648779927368,24.58929755985474,1.2294648779927368,0.0,inf,0.0,4.95,1.3860989671147497
AL35/GD35,2.0,0.5,none,20,18,88.88888888888889,0.8302938121656115,14.945288618981007,1.0925349106993636,-1.2676349761044055,6.894949611168696,0.0,7.722222222222222,0.9235713793411678
AL35/GD35,2.0,0.5,none,40,19,89.47368421052632,1.2034771403552842,22.8660656667504,1.406871657450934,-0.5253762549577352,22.76160937135416,0.0,8.526315789473685,1.3903352435984635
AL35/GD35,2.0,0.5,3.0,10,20,100.0,1.2294648779927368,24.58929755985474,1.2294648779927368,0.0,inf,0.0,4.95,1.3860989671147497
AL35/GD35,2.0,0.5,3.0,20,19,89.47368421052632,0.860791233668078,16.355033439693482,1.220248473661565,-2.1945953062765624,4.726207149199203,1.0,7.0,0.6374849458484015
AL35/GD35,2.0,0.5,3.0,40,21,85.71428571428571,1.148823960050043,24.1253031610509,1.5750063527273594,-1.4082703960138554,6.710386118399369,2.0,7.380952380952381,0.7856817081541394
AL35/GD35,2.0,0.5,4.0,10,20,100.0,1.2294648779927368,24.58929755985474,1.2294648779927368,0.0,inf,0.0,4.95,1.3860989671147497
AL35/GD35,2.0,0.5,4.0,20,18,88.88888888888889,0.8302938121656115,14.945288618981007,1.0925349106993636,-1.2676349761044055,6.894949611168696,0.0,7.722222222222222,0.9235713793411678
AL35/GD35,2.0,0.5,4.0,40,19,89.47368421052632,1.2034771403552842,22.8660656667504,1.406871657450934,-0.5253762549577352,22.76160937135416,0.0,8.526315789473685,1.3903352435984635
AL35/GD35,2.0,1.0,none,10,21,95.23809523809523,1.0174776629366875,21.367030921670437,1.0819122949153521,-0.2712149766366018,79.78263651457532,0.0,2.7142857142857144,1.392026223749393
AL35/GD35,2.0,1.0,none,20,21,100.0,1.1350279723866226,23.835587420119076,1.1350279723866226,0.0,inf,0.0,3.2857142857142856,1.4633173839842082
AL35/GD35,2.0,1.0,none,40,21,90.47619047619048,1.0043831184218466,21.092045486858776,1.1870728006069893,-0.7311688623370095,15.423511840645817,0.0,5.333333333333333,1.3036254837910863
AL35/GD35,2.0,1.0,3.0,10,21,95.23809523809523,1.0174776629366875,21.367030921670437,1.0819122949153521,-0.2712149766366018,79.78263651457532,0.0,2.7142857142857144,1.392026223749393
AL35/GD35,2.0,1.0,3.0,20,21,100.0,1.1350279723866226,23.835587420119076,1.1350279723866226,0.0,inf,0.0,3.2857142857142856,1.4633173839842082
AL35/GD35,2.0,1.0,3.0,40,23,86.95652173913044,0.9717949122243164,22.351282981159276,1.3493839691979699,-1.5454654676000381,5.820830886604173,2.0,4.565217391304348,0.7124822137840721
AL35/GD35,2.0,1.0,4.0,10,21,95.23809523809523,1.0174776629366875,21.367030921670437,1.0819122949153521,-0.2712149766366018,79.78263651457532,0.0,2.7142857142857144,1.392026223749393
AL35/GD35,2.0,1.0,4.0,20,21,100.0,1.1350279723866226,23.835587420119076,1.1350279723866226,0.0,inf,0.0,3.2857142857142856,1.4633173839842082
AL35/GD35,2.0,1.0,4.0,40,21,90.47619047619048,1.0043831184218466,21.092045486858776,1.1870728006069893,-0.7311688623370095,15.423511840645817,0.0,5.333333333333333,1.3036254837910863
AL35/GD35,2.5,0.0,none,10,0,,,,,,,,,
AL35/GD35,2.5,0.0,none,20,0,,,,,,,,,
AL35/GD35,2.5,0.0,none,40,0,,,,,,,,,
AL35/GD35,2.5,0.0,3.0,10,0,,,,,,,,,
AL35/GD35,2.5,0.0,3.0,20,3,66.66666666666666,2.667860072062986,8.003580216188958,4.7976531797307445,-1.5917261432725311,6.028239468212721,3.0,146.66666666666666,0.8003202005788169
AL35/GD35,2.5,0.0,3.0,40,3,0.0,-1.3856068959764596,-4.156820687929379,0.0,-1.3856068959764596,0.0,3.0,53.0,-5.550834578524573
AL35/GD35,2.5,0.0,4.0,10,0,,,,,,,,,
AL35/GD35,2.5,0.0,4.0,20,0,,,,,,,,,
AL35/GD35,2.5,0.0,4.0,40,0,,,,,,,,,
AL35/GD35,2.5,0.5,none,10,4,100.0,1.2484272301407637,4.993708920563055,1.2484272301407637,0.0,inf,0.0,3.25,1.8426422591710698
AL35/GD35,2.5,0.5,none,20,6,100.0,1.5900342454020338,9.540205472412202,1.5900342454020338,0.0,inf,0.0,5.666666666666667,1.8494927145806621
AL35/GD35,2.5,0.5,none,40,5,80.0,0.8948750798929439,4.474375399464719,1.3588103947574113,-0.9608661795649261,5.656606189938631,0.0,12.6,0.8679190039864881
AL35/GD35,2.5,0.5,3.0,10,4,100.0,1.2484272301407637,4.993708920563055,1.2484272301407637,0.0,inf,0.0,3.25,1.8426422591710698
AL35/GD35,2.5,0.5,3.0,20,6,100.0,1.5900342454020338,9.540205472412202,1.5900342454020338,0.0,inf,0.0,5.666666666666667,1.8494927145806621
AL35/GD35,2.5,0.5,3.0,40,6,66.66666666666666,0.5689654692679617,3.4137928156077697,1.3588103947574113,-1.0107243817109377,2.68878523036565,2.0,7.0,0.4737261647316688
AL35/GD35,2.5,0.5,4.0,10,4,100.0,1.2484272301407637,4.993708920563055,1.2484272301407637,0.0,inf,0.0,3.25,1.8426422591710698
AL35/GD35,2.5,0.5,4.0,20,6,100.0,1.5900342454020338,9.540205472412202,1.5900342454020338,0.0,inf,0.0,5.666666666666667,1.8494927145806621
AL35/GD35,2.5,0.5,4.0,40,5,80.0,0.8948750798929439,4.474375399464719,1.3588103947574113,-0.9608661795649261,5.656606189938631,0.0,12.6,0.8679190039864881
AL35/GD35,2.5,1.0,none,10,4,100.0,1.1741760593706028,4.696704237482411,1.1741760593706028,0.0,inf,0.0,3.0,2.083231245468862
AL35/GD35,2.5,1.0,none,20,7,100.0,1.806443182919218,12.645102280434527,1.806443182919218,0.0,inf,0.0,3.4285714285714284,1.894103509133533
AL35/GD35,2.5,1.0,none,40,5,80.0,0.773060042494871,3.8653002124743554,1.2065415980098204,-0.9608661795649261,5.022724802557353,0.0,8.8,0.7926096556277141
AL35/GD35,2.5,1.0,3.0,10,4,100.0,1.1741760593706028,4.696704237482411,1.1741760593706028,0.0,inf,0.0,3.0,2.083231245468862
AL35/GD35,2.5,1.0,3.0,20,7,100.0,1.806443182919218,12.645102280434527,1.806443182919218,0.0,inf,0.0,3.4285714285714284,1.894103509133533
AL35/GD35,2.5,1.0,3.0,40,6,66.66666666666666,0.46745293810290106,2.8047176286174063,1.2065415980098204,-1.0107243817109377,2.3874789603223117,2.0,3.8333333333333335,0.41233264606841236
AL35/GD35,2.5,1.0,4.0,10,4,100.0,1.1741760593706028,4.696704237482411,1.1741760593706028,0.0,inf,0.0,3.0,2.083231245468862
AL35/GD35,2.5,1.0,4.0,20,7,100.0,1.806443182919218,12.645102280434527,1.806443182919218,0.0,inf,0.0,3.4285714285714284,1.894103509133533
AL35/GD35,2.5,1.0,4.0,40,5,80.0,0.773060042494871,3.8653002124743554,1.2065415980098204,-0.9608661795649261,5.022724802557353,0.0,8.8,0.7926096556277141
AE38/GD38,1.0,0.0,none,10,0,,,,,,,,,
AE38/GD38,1.0,0.0,none,20,0,,,,,,,,,
AE38/GD38,1.0,0.0,none,40,0,,,,,,,,,
AE38/GD38,1.0,0.0,3.0,10,0,,,,,,,,,
AE38/GD38,1.0,0.0,3.0,20,1,100.0,3.805895926658198,3.805895926658198,3.805895926658198,0.0,inf,1.0,588.0,0.0
AE38/GD38,1.0,0.0,3.0,40,6,16.666666666666664,-2.713977156963056,-16.283862941778338,3.6119820001044687,-3.9791689883765615,0.1815445391062972,6.0,91.5,-0.782373887033151
AE38/GD38,1.0,0.0,4.0,10,0,,,,,,,,,
AE38/GD38,1.0,0.0,4.0,20,0,,,,,,,,,
AE38/GD38,1.0,0.0,4.0,40,0,,,,,,,,,
AE38/GD38,1.0,0.5,none,10,90,93.33333333333333,1.26439799175649,113.7958192580841,1.385914192812026,-0.4368288230210137,44.41739573222937,0.0,4.811111111111111,0.7921813798156913
AE38/GD38,1.0,0.5,none,20,70,94.28571428571428,1.4850088911077712,103.95062237754398,1.6494240532232256,-1.22784128379723,22.165321558513163,0.0,6.185714285714286,0.8212939258365596
AE38/GD38,1.0,0.5,none,40,42,95.23809523809523,1.1991399483063232,50.363877828865576,1.3925335642093928,-2.6687323697550642,10.435917666312859,0.0,9.380952380952381,0.9405546968154413
AE38/GD38,1.0,0.5,3.0,10,90,93.33333333333333,1.26439799175649,113.7958192580841,1.385914192812026,-0.4368288230210137,44.41739573222937,0.0,4.811111111111111,0.7921813798156913
AE38/GD38,1.0,0.5,3.0,20,71,94.36619718309859,1.4247526803554675,101.1574403052382,1.6559451636990896,-2.4477214156501987,11.331796712899955,1.0,6.084507042253521,0.6916672969389995
AE38/GD38,1.0,0.5,3.0,40,47,85.1063829787234,0.8984239790042186,42.22592701319827,1.533289304958212,-2.729377883590028,3.2101282947546026,6.0,8.23404255319149,0.4428230444820022
AE38/GD38,1.0,0.5,4.0,10,90,93.33333333333333,1.26439799175649,113.7958192580841,1.385914192812026,-0.4368288230210137,44.41739573222937,0.0,4.811111111111111,0.7921813798156913
AE38/GD38,1.0,0.5,4.0,20,70,94.28571428571428,1.4850088911077712,103.95062237754398,1.6494240532232256,-1.22784128379723,22.165321558513163,0.0,6.185714285714286,0.8212939258365596
AE38/GD38,1.0,0.5,4.0,40,42,95.23809523809523,1.1991399483063232,50.363877828865576,1.3925335642093928,-2.6687323697550642,10.435917666312859,0.0,9.380952380952381,0.9405546968154413
AE38/GD38,1.5,0.0,none,10,0,,,,,,,,,
AE38/GD38,1.5,0.0,none,20,0,,,,,,,,,
AE38/GD38,1.5,0.0,none,40,0,,,,,,,,,
AE38/GD38,1.5,0.0,3.0,10,0,,,,,,,,,
AE38/GD38,1.5,0.0,3.0,20,1,100.0,3.805895926658198,3.805895926658198,3.805895926658198,0.0,inf,1.0,588.0,0.0
AE38/GD38,1.5,0.0,3.0,40,6,0.0,-3.442266676285849,-20.653600057715096,0.0,-3.442266676285849,0.0,6.0,86.83333333333333,-1.6941531900542939
AE38/GD38,1.5,0.0,4.0,10,0,,,,,,,,,
AE38/GD38,1.5,0.0,4.0,20,0,,,,,,,,,
AE38/GD38,1.5,0.0,4.0,40,0,,,,,,,,,
AE38/GD38,1.5,0.5,none,10,52,92.3076923076923,1.2605739347999767,65.5498446095988,1.4980087430160502,-1.5886437637929047,11.315378139447983,0.0,4.653846153846154,0.8006176272740262
AE38/GD38,1.5,0.5,none,20,43,95.34883720930233,1.4981969164116171,64.42246740569954,1.7857643995881582,-4.396936488707475,8.325835564279119,0.0,6.534883720930233,0.8097600593242856
AE38/GD38,1.5,0.5,none,40,33,93.93939393939394,1.790716233871306,59.0936357177531,2.0575095799249934,-2.3445806299608476,13.602176048588257,0.0,9.424242424242424,1.1435364846304172
AE38/GD38,1.5,0.5,3.0,10,52,92.3076923076923,1.2605739347999767,65.5498446095988,1.4980087430160502,-1.5886437637929047,11.315378139447983,0.0,4.653846153846154,0.8006176272740262
AE38/GD38,1.5,0.5,3.0,20,43,95.34883720930233,1.3847196948438991,59.54294687828766,1.7857643995881582,-6.836696752413412,5.354657595224515,1.0,6.488372093023256,0.613481686928925
AE38/GD38,1.5,0.5,3.0,40,38,81.57894736842105,1.3411754754210177,50.96466806599867,2.2391298905686314,-2.635479791661271,3.762558411416194,6.0,8.0,0.5538563425863132
AE38/GD38,1.5,0.5,4.0,10,52,92.3076923076923,1.2605739347999767,65.5498446095988,1.4980087430160502,-1.5886437637929047,11.315378139447983,0.0,4.653846153846154,0.8006176272740262
AE38/GD38,1.5,0.5,4.0,20,43,95.34883720930233,1.4981969164116171,64.42246740569954,1.7857643995881582,-4.396936488707475,8.325835564279119,0.0,6.534883720930233,0.8097600593242856
AE38/GD38,1.5,0.5,4.0,40,33,93.93939393939394,1.790716233871306,59.0936357177531,2.0575095799249934,-2.3445806299608476,13.602176048588257,0.0,9.424242424242424,1.1435364846304172
AE38/GD38,1.5,1.0,none,10,59,93.22033898305084,1.1499906135419102,67.8494461989727,1.369564475759245,-1.8691499919464425,10.074906574019453,0.0,2.8135593220338984,0.7658237318352737
AE38/GD38,1.5,1.0,none,20,52,94.23076923076923,1.3127105005326014,68.26094602769527,1.5359690657757339,-2.3338460651052255,10.749421359061461,0.0,3.8076923076923075,0.8204760562338892
AE38/GD38,1.5,1.0,none,40,46,91.30434782608695,1.5942158926291399,73.33393106094043,1.872863049058712,-1.3315792498813668,14.768225035699887,0.0,4.956521739130435,1.0839249087390388
AE38/GD38,1.5,1.0,3.0,10,59,93.22033898305084,1.1499906135419102,67.8494461989727,1.369564475759245,-1.8691499919464425,10.074906574019453,0.0,2.8135593220338984,0.7658237318352737
AE38/GD38,1.5,1.0,3.0,20,52,94.23076923076923,1.215960703725375,63.2299565937195,1.5359690657757339,-4.010842543097149,6.254918878373929,1.0,3.769230769230769,0.6608455308824686
AE38/GD38,1.5,1.0,3.0,40,51,84.31372549019608,1.3195967240153414,67.29943292478241,1.9816103164760555,-2.2387263354609956,4.7576853331050515,5.0,4.372549019607843,0.6185963764708418
AE38/GD38,1.5,1.0,4.0,10,59,93.22033898305084,1.1499906135419102,67.8494461989727,1.369564475759245,-1.8691499919464425,10.074906574019453,0.0,2.8135593220338984,0.7658237318352737
AE38/GD38,1.5,1.0,4.0,20,52,94.23076923076923,1.3127105005326014,68.26094602769527,1.5359690657757339,-2.3338460651052255,10.749421359061461,0.0,3.8076923076923075,0.8204760562338892
AE38/GD38,1.5,1.0,4.0,40,46,91.30434782608695,1.5942158926291399,73.33393106094043,1.872863049058712,-1.3315792498813668,14.768225035699887,0.0,4.956521739130435,1.0839249087390388
AE38/GD38,2.0,0.0,none,10,0,,,,,,,,,
AE38/GD38,2.0,0.0,none,20,0,,,,,,,,,
AE38/GD38,2.0,0.0,none,40,0,,,,,,,,,
AE38/GD38,2.0,0.0,3.0,10,0,,,,,,,,,
AE38/GD38,2.0,0.0,3.0,20,1,100.0,4.810453141356968,4.810453141356968,4.810453141356968,0.0,inf,1.0,587.0,0.0
AE38/GD38,2.0,0.0,3.0,40,6,16.666666666666664,-2.1228387016363333,-12.737032209817999,3.852579913599995,-3.3179224246835988,0.23222845024578187,6.0,79.83333333333333,-0.6571029873069935
AE38/GD38,2.0,0.0,4.0,10,0,,,,,,,,,
AE38/GD38,2.0,0.0,4.0,20,0,,,,,,,,,
AE38/GD38,2.0,0.0,4.0,40,0,,,,,,,,,
AE38/GD38,2.0,0.5,none,10,19,94.73684210526315,1.372505394728995,26.077602499850904,1.4661140030074984,-0.3124495542840675,84.46180092848563,0.0,4.947368421052632,0.9877075919640185
AE38/GD38,2.0,0.5,none,20,23,91.30434782608695,1.5188354171321814,34.93321459404017,1.9582610924218635,-3.0951341734094795,6.64324721269823,0.0,7.217391304347826,0.7937330999044444
AE38/GD38,2.0,0.5,none,40,14,92.85714285714286,2.5950085661272766,36.33011992578187,3.038879387204088,-3.1753121078712754,12.441432744744432,0.0,12.928571428571429,1.1704145973891187
AE38/GD38,2.0,0.5,3.0,10,19,94.73684210526315,1.372505394728995,26.077602499850904,1.4661140030074984,-0.3124495542840675,84.46180092848563,0.0,4.947368421052632,0.9877075919640185
AE38/GD38,2.0,0.5,3.0,20,23,91.30434782608695,1.3066823507229695,30.0536940666283,1.9582610924218635,-5.534894437115417,3.7149292916136605,1.0,7.130434782608695,0.5020297112731597
AE38/GD38,2.0,0.5,3.0,40,19,73.68421052631578,1.5943492849723497,30.292636414474643,3.2896019701184014,-3.152358233436595,2.9219031703418197,5.0,9.263157894736842,0.4699282500676773
AE38/GD38,2.0,0.5,4.0,10,19,94.73684210526315,1.372505394728995,26.077602499850904,1.4661140030074984,-0.3124495542840675,84.46180092848563,0.0,4.947368421052632,0.9877075919640185
AE38/GD38,2.0,0.5,4.0,20,23,91.30434782608695,1.5188354171321814,34.93321459404017,1.9582610924218635,-3.0951341734094795,6.64324721269823,0.0,7.217391304347826,0.7937330999044444
AE38/GD38,2.0,0.5,4.0,40,14,92.85714285714286,2.5950085661272766,36.33011992578187,3.038879387204088,-3.1753121078712754,12.441432744744432,0.0,12.928571428571429,1.1704145973891187
AE38/GD38,2.0,1.0,none,10,20,95.0,1.2542083454331059,25.08416690866212,1.351131427190516,-0.5873302079576875,43.70879748529677,0.0,3.0,0.896807888586071
AE38/GD38,2.0,1.0,none,20,26,92.3076923076923,1.5493945499892734,40.28425829972111,1.841628157342902,-1.9574087382542715,11.290200894793417,0.0,4.076923076923077,0.901655279489423
AE38/GD38,2.0,1.0,none,40,16,93.75,2.190876142599194,35.054018281587105,2.5166669982137995,-2.6959866916198854,14.002296484084228,0.0,7.3125,1.1243673708160342
AE38/GD38,2.0,1.0,3.0,10,20,95.0,1.2542083454331059,25.08416690866212,1.351131427190516,-0.5873302079576875,43.70879748529677,0.0,3.0,0.896807888586071
AE38/GD38,2.0,1.0,3.0,20,26,92.3076923076923,1.5493945499892734,40.28425829972111,1.841628157342902,-1.9574087382542715,11.290200894793417,0.0,4.076923076923077,0.901655279489423
AE38/GD38,2.0,1.0,3.0,40,21,76.19047619047619,1.382056023978004,29.023176503538085,2.7686875325757168,-3.0551648035346766,2.8999417949538877,5.0,5.333333333333333,0.4449465775927722
AE38/GD38,2.0,1.0,4.0,10,20,95.0,1.2542083454331059,25.08416690866212,1.351131427190516,-0.5873302079576875,43.70879748529677,0.0,3.0,0.896807888586071
AE38/GD38,2.0,1.0,4.0,20,26,92.3076923076923,1.5493945499892734,40.28425829972111,1.841628157342902,-1.9574087382542715,11.290200894793417,0.0,4.076923076923077,0.901655279489423
AE38/GD38,2.0,1.0,4.0,40,16,93.75,2.190876142599194,35.054018281587105,2.5166669982137995,-2.6959866916198854,14.002296484084228,0.0,7.3125,1.1243673708160342
AE38/GD38,2.5,0.0,none,10,0,,,,,,,,,
AE38/GD38,2.5,0.0,none,20,0,,,,,,,,,
AE38/GD38,2.5,0.0,none,40,0,,,,,,,,,
AE38/GD38,2.5,0.0,3.0,10,0,,,,,,,,,
AE38/GD38,2.5,0.0,3.0,20,1,0.0,-5.324811110379984,-5.324811110379984,0.0,-5.324811110379984,0.0,1.0,475.0,0.0
AE38/GD38,2.5,0.0,3.0,40,4,25.0,1.0540685775518566,4.216274310207426,7.910928428853565,-1.2315513728820462,2.1411824151356362,4.0,75.5,0.2611245987277323
AE38/GD38,2.5,0.0,4.0,10,0,,,,,,,,,
AE38/GD38,2.5,0.0,4.0,20,0,,,,,,,,,
AE38/GD38,2.5,0.0,4.0,40,0,,,,,,,,,
AE38/GD38,2.5,0.5,none,10,1,100.0,5.324869418328107,5.324869418328107,5.324869418328107,0.0,inf,0.0,2.0,0.0
AE38/GD38,2.5,0.5,none,20,9,88.88888888888889,1.9887374369253672,17.898636932328305,2.474766186969734,-1.8994925634295687,10.422851806280297,0.0,7.333333333333333,0.9273184406184151
AE38/GD38,2.5,0.5,none,40,5,80.0,1.7636629183176211,8.818314591588106,2.5462546883919637,-1.3667041619797486,7.452248289647612,0.0,15.8,0.9802534643513335
AE38/GD38,2.5,0.5,3.0,10,1,100.0,5.324869418328107,5.324869418328107,5.324869418328107,0.0,inf,0.0,2.0,0.0
AE38/GD38,2.5,0.5,3.0,20,9,88.88888888888889,1.437667426525544,12.939006838729895,2.474766186969734,-6.859122657027979,2.8863938561402396,1.0,7.111111111111111,0.4274126305489213
AE38/GD38,2.5,0.5,3.0,40,8,62.5,1.6299200228657738,13.03936018292619,3.346802860314466,-1.2315513728820462,4.529250577779202,3.0,7.875,0.6025081050180133
AE38/GD38,2.5,0.5,4.0,10,1,100.0,5.324869418328107,5.324869418328107,5.324869418328107,0.0,inf,0.0,2.0,0.0
AE38/GD38,2.5,0.5,4.0,20,9,88.88888888888889,1.9887374369253672,17.898636932328305,2.474766186969734,-1.8994925634295687,10.422851806280297,0.0,7.333333333333333,0.9273184406184151
AE38/GD38,2.5,0.5,4.0,40,5,80.0,1.7636629183176211,8.818314591588106,2.5462546883919637,-1.3667041619797486,7.452248289647612,0.0,15.8,0.9802534643513335
AE38/GD38,2.5,1.0,none,10,1,100.0,3.1723451073193307,3.1723451073193307,3.1723451073193307,0.0,inf,0.0,1.0,0.0
AE38/GD38,2.5,1.0,none,20,10,90.0,2.3928631454360096,23.928631454360097,2.693453445404907,-0.3124495542840675,77.5839833223288,0.0,4.4,1.1862092248837577
AE38/GD38,2.5,1.0,none,40,5,80.0,1.4736168640344736,7.368084320172368,2.1836971205380293,-1.3667041619797486,6.39113330093272,0.0,12.4,0.8607923183913967
AE38/GD38,2.5,1.0,3.0,10,1,100.0,3.1723451073193307,3.1723451073193307,3.1723451073193307,0.0,inf,0.0,1.0,0.0
AE38/GD38,2.5,1.0,3.0,20,10,90.0,2.3928631454360096,23.928631454360097,2.693453445404907,-0.3124495542840675,77.5839833223288,0.0,4.4,1.1862092248837577
AE38/GD38,2.5,1.0,3.0,40,8,62.5,1.4486412389388066,11.589129911510453,3.056756806031318,-1.2315513728820462,4.136729322786283,3.0,5.75,0.5437426209471904
AE38/GD38,2.5,1.0,4.0,10,1,100.0,3.1723451073193307,3.1723451073193307,3.1723451073193307,0.0,inf,0.0,1.0,0.0
AE38/GD38,2.5,1.0,4.0,20,10,90.0,2.3928631454360096,23.928631454360097,2.693453445404907,-0.3124495542840675,77.5839833223288,0.0,4.4,1.1862092248837577
AE38/GD38,2.5,1.0,4.0,40,5,80.0,1.4736168640344736,7.368084320172368,2.1836971205380293,-1.3667041619797486,6.39113330093272,0.0,12.4,0.8607923183913967
AL29/GD29,1.0,0.0,none,10,0,,,,,,,,,
AL29/GD29,1.0,0.0,none,20,0,,,,,,,,,
AL29/GD29,1.0,0.0,none,40,0,,,,,,,,,
AL29/GD29,1.0,0.0,3.0,10,0,,,,,,,,,
AL29/GD29,1.0,0.0,3.0,20,4,50.0,0.2174563568514385,0.869825427405754,6.3940041509939,-5.959091437291023,1.0729830576153379,4.0,131.75,0.03414786925345103
AL29/GD29,1.0,0.0,3.0,40,5,60.0,0.9870083492884347,4.935041746442174,4.65801526792642,-4.519502028668544,1.5459718476878357,5.0,114.4,0.193549565638334
AL29/GD29,1.0,0.0,4.0,10,0,,,,,,,,,
AL29/GD29,1.0,0.0,4.0,20,0,,,,,,,,,
AL29/GD29,1.0,0.0,4.0,40,1,100.0,4.780709736123758,4.780709736123758,4.780709736123758,0.0,inf,1.0,404.0,0.0
AL29/GD29,1.0,0.5,none,10,69,92.7536231884058,1.3818664423918712,95.34878452503911,1.5260359475676206,-0.46350322385772147,42.142662927543185,0.0,5.855072463768116,1.0229809353805646
AL29/GD29,1.0,0.5,none,20,66,98.48484848484848,1.5784999091139893,104.18099400152329,1.6031977053501878,-0.026856846238913573,3880.1224060616905,0.0,6.015151515151516,1.1940694162494285
AL29/GD29,1.0,0.5,none,40,51,100.0,1.6411867172803032,83.70052258129546,1.6411867172803032,0.0,inf,0.0,7.098039215686274,1.792361471717989
AL29/GD29,1.0,0.5,3.0,10,69,92.7536231884058,1.3818664423918712,95.34878452503911,1.5260359475676206,-0.46350322385772147,42.142662927543185,0.0,5.855072463768116,1.0229809353805646
AL29/GD29,1.0,0.5,3.0,20,68,95.58823529411765,1.5051731630427705,102.35177508690839,1.6617211304575368,-1.8866994642771706,19.08303813526218,3.0,5.794117647058823,0.9480316230820154
AL29/GD29,1.0,0.5,3.0,40,56,92.85714285714286,1.4166712152416605,79.33358805353299,1.8010854434057966,-3.5807137508921096,6.538950721330879,5.0,6.321428571428571,0.821146662222418
AL29/GD29,1.0,0.5,4.0,10,69,92.7536231884058,1.3818664423918712,95.34878452503911,1.5260359475676206,-0.46350322385772147,42.142662927543185,0.0,5.855072463768116,1.0229809353805646
AL29/GD29,1.0,0.5,4.0,20,66,98.48484848484848,1.5784999091139893,104.18099400152329,1.6031977053501878,-0.026856846238913573,3880.1224060616905,0.0,6.015151515151516,1.1940694162494285
AL29/GD29,1.0,0.5,4.0,40,52,100.0,1.8073836598421837,93.98395031179355,1.8073836598421837,0.0,inf,1.0,6.923076923076923,1.4741339228256065
AL29/GD29,1.5,0.0,none,10,0,,,,,,,,,
AL29/GD29,1.5,0.0,none,20,0,,,,,,,,,
AL29/GD29,1.5,0.0,none,40,0,,,,,,,,,
AL29/GD29,1.5,0.0,3.0,10,0,,,,,,,,,
AL29/GD29,1.5,0.0,3.0,20,4,25.0,-2.216448879822683,-8.865795519290732,5.552314460596793,-4.8060366599625075,0.38509308559457295,4.0,118.75,-0.4786402565815543
AL29/GD29,1.5,0.0,3.0,40,4,50.0,0.752131625593786,3.008526502375144,6.038159701822956,-4.533896450635384,1.3317815630696117,4.0,137.75,0.13140942929614102
AL29/GD29,1.5,0.0,4.0,10,0,,,,,,,,,
AL29/GD29,1.5,0.0,4.0,20,0,,,,,,,,,
AL29/GD29,1.5,0.0,4.0,40,1,100.0,7.153209947946788,7.153209947946788,7.153209947946788,0.0,inf,1.0,398.0,0.0
AL29/GD29,1.5,0.5,none,10,43,97.67441860465115,1.8158023080462165,78.07949924598731,1.8635100760626568,-0.18792394864427892,416.4845606920698,0.0,5.813953488372093,1.1040484633298704
AL29/GD29,1.5,0.5,none,20,39,97.43589743589743,2.161032344552978,84.28026143756615,2.218608375889607,-0.026856846238913573,3139.1294991907994,0.0,6.615384615384615,1.2835345113836607
AL29/GD29,1.5,0.5,none,40,33,100.0,2.20795590152601,72.86254475035832,2.20795590152601,0.0,inf,0.0,7.2727272727272725,1.9841241809152463
AL29/GD29,1.5,0.5,3.0,10,43,97.67441860465115,1.8158023080462165,78.07949924598731,1.8635100760626568,-0.18792394864427892,416.4845606920698,0.0,5.813953488372093,1.1040484633298704
AL29/GD29,1.5,0.5,3.0,20,39,92.3076923076923,2.07623498963848,80.97316459590073,2.4064795274647843,-1.8866994642771706,15.30596413278837,3.0,6.333333333333333,0.9969385543487492
AL29/GD29,1.5,0.5,3.0,40,35,94.28571428571428,1.925714453042968,67.40000585650388,2.2850254759085935,-4.002917424239855,9.418860385223034,2.0,6.771428571428571,1.0597019039380378
AL29/GD29,1.5,0.5,4.0,10,43,97.67441860465115,1.8158023080462165,78.07949924598731,1.8635100760626568,-0.18792394864427892,416.4845606920698,0.0,5.813953488372093,1.1040484633298704
AL29/GD29,1.5,0.5,4.0,20,39,97.43589743589743,2.161032344552978,84.28026143756615,2.218608375889607,-0.026856846238913573,3139.1294991907994,0.0,6.615384615384615,1.2835345113836607
AL29/GD29,1.5,0.5,4.0,40,34,97.05882352941177,2.0521592506775086,69.77341452303529,2.2418150424050878,-4.206481876332614,17.587118778666095,1.0,7.0,1.3111167526405294
AL29/GD29,1.5,1.0,none,10,53,94.33962264150944,1.7473472963159666,92.60940670474623,1.8636860709815861,-0.19163228144435326,162.08873725369423,0.0,2.660377358490566,1.2380847774365094
AL29/GD29,1.5,1.0,none,20,50,98.0,1.8175983960790811,90.87991980395405,1.8595832626314623,-0.23966006498758247,380.20343470099124,0.0,2.84,1.2496430372776257
AL29/GD29,1.5,1.0,none,40,42,100.0,2.045033138971269,85.89139183679329,2.045033138971269,0.0,inf,0.0,3.1666666666666665,1.4884048411360482
AL29/GD29,1.5,1.0,3.0,10,53,94.33962264150944,1.7473472963159666,92.60940670474623,1.8636860709815861,-0.19163228144435326,162.08873725369423,0.0,2.660377358490566,1.2380847774365094
AL29/GD29,1.5,1.0,3.0,20,50,96.0,1.780915188455822,89.04575942279111,1.8898370657924726,-0.8332098676237837,54.435372577102996,1.0,2.8,1.1781613038179575
AL29/GD29,1.5,1.0,3.0,40,42,97.61904761904762,1.9100427831698923,80.22179689313548,2.0592263114504417,-4.206481876332614,20.070995490197184,1.0,3.142857142857143,1.1430955677573207
AL29/GD29,1.5,1.0,4.0,10,53,94.33962264150944,1.7473472963159666,92.60940670474623,1.8636860709815861,-0.19163228144435326,162.08873725369423,0.0,2.660377358490566,1.2380847774365094
AL29/GD29,1.5,1.0,4.0,20,50,98.0,1.8175983960790811,90.87991980395405,1.8595832626314623,-0.23966006498758247,380.20343470099124,0.0,2.84,1.2496430372776257
AL29/GD29,1.5,1.0,4.0,40,42,97.61904761904762,1.9100427831698923,80.22179689313548,2.0592263114504417,-4.206481876332614,20.070995490197184,1.0,3.142857142857143,1.1430955677573207
AL29/GD29,2.0,0.0,none,10,0,,,,,,,,,
AL29/GD29,2.0,0.0,none,20,0,,,,,,,,,
AL29/GD29,2.0,0.0,none,40,0,,,,,,,,,
AL29/GD29,2.0,0.0,3.0,10,0,,,,,,,,,
AL29/GD29,2.0,0.0,3.0,20,4,0.0,-3.756224217303323,-15.024896869213292,0.0,-3.756224217303323,0.0,4.0,104.75,-1.854125482520389
AL29/GD29,2.0,0.0,3.0,40,3,66.66666666666666,3.2132142167933253,9.639642650379976,7.550657297598994,-5.461671944818011,2.7649618555955175,3.0,167.66666666666666,0.5143441108235872
AL29/GD29,2.0,0.0,4.0,10,0,,,,,,,,,
AL29/GD29,2.0,0.0,4.0,20,0,,,,,,,,,
AL29/GD29,2.0,0.0,4.0,40,1,100.0,1.6379955123410659,1.6379955123410659,1.6379955123410659,0.0,inf,1.0,361.0,0.0
AL29/GD29,2.0,0.5,none,10,14,92.85714285714286,2.42748836459797,33.98483710437158,2.6342355775839925,-0.2602254042203165,131.59769166733147,0.0,5.857142857142857,1.1140814240251935
AL29/GD29,2.0,0.5,none,20,24,100.0,2.747252069010004,65.93404965624009,2.747252069010004,0.0,inf,0.0,6.541666666666667,1.4486440632416984
AL29/GD29,2.0,0.5,none,40,16,100.0,2.5453024620162834,40.724839392260535,2.5453024620162834,0.0,inf,0.0,6.6875,1.8334163383836404
AL29/GD29,2.0,0.5,3.0,10,14,92.85714285714286,2.42748836459797,33.98483710437158,2.6342355775839925,-0.2602254042203165,131.59769166733147,0.0,5.857142857142857,1.1140814240251935
AL29/GD29,2.0,0.5,3.0,20,24,95.83333333333334,2.6858797164890675,64.46111319573762,2.98554761182914,-4.206481876332614,16.324234144077067,2.0,6.166666666666667,1.1240273513692636
AL29/GD29,2.0,0.5,3.0,40,17,88.23529411764706,1.9403723206125412,32.9863294504132,2.7328109532595275,-4.002917424239855,5.120286025720008,2.0,5.705882352941177,0.766508760765895
AL29/GD29,2.0,0.5,4.0,10,14,92.85714285714286,2.42748836459797,33.98483710437158,2.6342355775839925,-0.2602254042203165,131.59769166733147,0.0,5.857142857142857,1.1140814240251935
AL29/GD29,2.0,0.5,4.0,20,24,100.0,2.747252069010004,65.93404965624009,2.747252069010004,0.0,inf,0.0,6.541666666666667,1.4486440632416984
AL29/GD29,2.0,0.5,4.0,40,17,94.11764705882352,2.2138652449963234,37.635709164937495,2.615136940079382,-4.206481876332614,9.94707507874725,1.0,6.176470588235294,1.0476588149397574
AL29/GD29,2.0,1.0,none,10,17,94.11764705882352,2.6663478194995363,45.327912931492115,2.858668467619394,-0.4107825504181879,111.34527363771186,0.0,2.1176470588235294,1.3685664477991124
AL29/GD29,2.0,1.0,none,20,26,100.0,2.335958859806051,60.73493035495732,2.335958859806051,0.0,inf,0.0,2.8076923076923075,1.3841572994021065
AL29/GD29,2.0,1.0,none,40,18,100.0,2.6879077543189087,48.38233957774035,2.6879077543189087,0.0,inf,0.0,4.277777777777778,1.6290998655560676
AL29/GD29,2.0,1.0,3.0,10,17,94.11764705882352,2.6663478194995363,45.327912931492115,2.858668467619394,-0.4107825504181879,111.34527363771186,0.0,2.1176470588235294,1.3685664477991124
AL29/GD29,2.0,1.0,3.0,20,26,100.0,2.335958859806051,60.73493035495732,2.335958859806051,0.0,inf,0.0,2.8076923076923075,1.3841572994021065
AL29/GD29,2.0,1.0,3.0,40,18,94.44444444444444,2.3729302574490307,42.712744634082554,2.7599545006126562,-4.206481876332614,11.154030348829481,1.0,4.222222222222222,1.0425621511516352
AL29/GD29,2.0,1.0,4.0,10,17,94.11764705882352,2.6663478194995363,45.327912931492115,2.858668467619394,-0.4107825504181879,111.34527363771186,0.0,2.1176470588235294,1.3685664477991124
AL29/GD29,2.0,1.0,4.0,20,26,100.0,2.335958859806051,60.73493035495732,2.335958859806051,0.0,inf,0.0,2.8076923076923075,1.3841572994021065
AL29/GD29,2.0,1.0,4.0,40,18,94.44444444444444,2.3729302574490307,42.712744634082554,2.7599545006126562,-4.206481876332614,11.154030348829481,1.0,4.222222222222222,1.0425621511516352
AL29/GD29,2.5,0.0,none,10,0,,,,,,,,,
AL29/GD29,2.5,0.0,none,20,0,,,,,,,,,
AL29/GD29,2.5,0.0,none,40,0,,,,,,,,,
AL29/GD29,2.5,0.0,3.0,10,0,,,,,,,,,
AL29/GD29,2.5,0.0,3.0,20,3,66.66666666666666,4.549630726726224,13.64889218017867,8.927687028255642,-4.206481876332614,4.244728631061723,3.0,107.0,0.4843266441884637
AL29/GD29,2.5,0.0,3.0,40,3,66.66666666666666,3.472571233690259,10.417713701070777,7.550657297598994,-4.683600894127211,3.2242957793721487,3.0,166.0,0.5898236699975118
AL29/GD29,2.5,0.0,4.0,10,0,,,,,,,,,
AL29/GD29,2.5,0.0,4.0,20,0,,,,,,,,,
AL29/GD29,2.5,0.0,4.0,40,1,100.0,1.6379955123410659,1.6379955123410659,1.6379955123410659,0.0,inf,1.0,361.0,0.0
AL29/GD29,2.5,0.5,none,10,3,100.0,4.379588111842128,13.138764335526384,4.379588111842128,0.0,inf,0.0,1.0,3.0925288286379744
AL29/GD29,2.5,0.5,none,20,10,100.0,3.7779723094921707,37.77972309492171,3.7779723094921707,0.0,inf,0.0,5.8,1.776129108627727
AL29/GD29,2.5,0.5,none,40,7,100.0,2.9548316334152402,20.683821433906683,2.9548316334152402,0.0,inf,0.0,8.857142857142858,1.961552211614373
AL29/GD29,2.5,0.5,3.0,10,3,100.0,4.379588111842128,13.138764335526384,4.379588111842128,0.0,inf,0.0,1.0,3.0925288286379744
AL29/GD29,2.5,0.5,3.0,20,10,90.0,3.2110128151263893,32.11012815126389,4.035178891955168,-4.206481876332614,8.63348781601285,1.0,5.7,1.013269169247539
AL29/GD29,2.5,0.5,3.0,40,7,71.42857142857143,1.3124512314504977,9.187158620153484,3.2420489522245304,-3.511543070484583,2.3081369693816236,2.0,7.285714285714286,0.3874764829507033
AL29/GD29,2.5,0.5,4.0,10,3,100.0,4.379588111842128,13.138764335526384,4.379588111842128,0.0,inf,0.0,1.0,3.0925288286379744
AL29/GD29,2.5,0.5,4.0,20,10,100.0,3.7779723094921707,37.77972309492171,3.7779723094921707,0.0,inf,0.0,5.8,1.776129108627727
AL29/GD29,2.5,0.5,4.0,40,7,85.71428571428571,1.9834335149536197,13.884034604675339,3.015086080167992,-4.206481876332614,4.300628651889027,1.0,8.428571428571429,0.6750426301438069
AL29/GD29,2.5,1.0,none,10,3,100.0,4.379588111842128,13.138764335526384,4.379588111842128,0.0,inf,0.0,1.0,3.0925288286379744
AL29/GD29,2.5,1.0,none,20,11,100.0,3.181983735580127,35.001821091381395,3.181983735580127,0.0,inf,0.0,2.0,1.960242945291476
AL29/GD29,2.5,1.0,none,40,8,100.0,3.0444862784197557,24.355890227358046,3.0444862784197557,0.0,inf,0.0,5.25,1.5513265812939996
AL29/GD29,2.5,1.0,3.0,10,3,100.0,4.379588111842128,13.138764335526384,4.379588111842128,0.0,inf,0.0,1.0,3.0925288286379744
AL29/GD29,2.5,1.0,3.0,20,11,100.0,3.181983735580127,35.001821091381395,3.181983735580127,0.0,inf,0.0,2.0,1.960242945291476
AL29/GD29,2.5,1.0,3.0,40,8,87.5,2.3357869104625295,18.686295283700236,3.27039673714755,-4.206481876332614,5.442262164217793,1.0,5.125,0.7535327312344586
AL29/GD29,2.5,1.0,4.0,10,3,100.0,4.379588111842128,13.138764335526384,4.379588111842128,0.0,inf,0.0,1.0,3.0925288286379744
AL29/GD29,2.5,1.0,4.0,20,11,100.0,3.181983735580127,35.001821091381395,3.181983735580127,0.0,inf,0.0,2.0,1.960242945291476
AL29/GD29,2.5,1.0,4.0,40,8,87.5,2.3357869104625295,18.686295283700236,3.27039673714755,-4.206481876332614,5.442262164217793,1.0,5.125,0.7535327312344586
AL41/GD41,1.0,0.0,none,10,0,,,,,,,,,
AL41/GD41,1.0,0.0,none,20,0,,,,,,,,,
AL41/GD41,1.0,0.0,none,40,0,,,,,,,,,
AL41/GD41,1.0,0.0,3.0,10,0,,,,,,,,,
AL41/GD41,1.0,0.0,3.0,20,2,100.0,9.331004105898664,18.66200821179733,9.331004105898664,0.0,inf,2.0,296.0,8.757032504246316
AL41/GD41,1.0,0.0,3.0,40,4,25.0,-2.081365777297764,-8.325463109191055,1.9162239889485158,-3.4138956993798573,0.18710042306375504,4.0,140.25,-0.8514784208498408
AL41/GD41,1.0,0.0,4.0,10,0,,,,,,,,,
AL41/GD41,1.0,0.0,4.0,20,0,,,,,,,,,
AL41/GD41,1.0,0.0,4.0,40,1,0.0,-5.285204756771919,-5.285204756771919,0.0,-5.285204756771919,0.0,1.0,567.0,0.0
AL41/GD41,1.0,0.5,none,10,79,86.07594936708861,0.7255961371379842,57.322094833900756,0.9505970271857616,-0.6653184558846391,8.832489064842925,0.0,5.481012658227848,0.8564300361267068
AL41/GD41,1.0,0.5,none,20,64,93.75,1.1451526913416816,73.28977224586762,1.262469774781915,-0.614603560261813,30.811807555527,0.0,6.3125,1.0642355087958324
AL41/GD41,1.0,0.5,none,40,57,94.73684210526315,1.325622402915454,75.56047696618087,1.4567584570315262,-1.0348265711738367,25.33917562323842,0.0,7.333333333333333,1.092050811909411
AL41/GD41,1.0,0.5,3.0,10,79,86.07594936708861,0.7255961371379842,57.322094833900756,0.9505970271857616,-0.6653184558846391,8.832489064842925,0.0,5.481012658227848,0.8564300361267068
AL41/GD41,1.0,0.5,3.0,20,66,90.9090909090909,1.0979936716739966,72.46758233048378,1.3466573925595786,-1.3886435371818224,9.697646346970709,2.0,6.045454545454546,0.756809084723703
AL41/GD41,1.0,0.5,3.0,40,60,91.66666666666666,1.3206646383292027,79.23987829975216,1.5937581533712006,-1.6833640271327674,10.414467343076062,3.0,6.866666666666666,0.8123297749877687
AL41/GD41,1.0,0.5,4.0,10,79,86.07594936708861,0.7255961371379842,57.322094833900756,0.9505970271857616,-0.6653184558846391,8.832489064842925,0.0,5.481012658227848,0.8564300361267068
AL41/GD41,1.0,0.5,4.0,20,64,93.75,1.1451526913416816,73.28977224586762,1.262469774781915,-0.614603560261813,30.811807555527,0.0,6.3125,1.0642355087958324
AL41/GD41,1.0,0.5,4.0,40,58,93.10344827586206,1.3195244489452507,76.53241803882455,1.5442351032298713,-1.714069383897124,12.162386242618103,1.0,7.189655172413793,0.8308416356259901
AL41/GD41,1.5,0.0,none,10,0,,,,,,,,,
AL41/GD41,1.5,0.0,none,20,0,,,,,,,,,
AL41/GD41,1.5,0.0,none,40,0,,,,,,,,,
AL41/GD41,1.5,0.0,3.0,10,0,,,,,,,,,
AL41/GD41,1.5,0.0,3.0,20,2,50.0,4.198677975096201,8.397355950192402,11.241446725317688,-2.844090775125286,3.952562563627206,2.0,266.5,0.5961686552556702
AL41/GD41,1.5,0.0,3.0,40,4,25.0,-1.3577429688954594,-5.430971875581838,4.095580498377016,-3.1755174579862846,0.42991213794955047,4.0,136.25,-0.41066869480753804
AL41/GD41,1.5,0.0,4.0,10,0,,,,,,,,,
AL41/GD41,1.5,0.0,4.0,20,0,,,,,,,,,
AL41/GD41,1.5,0.0,4.0,40,1,100.0,10.872213466210589,10.872213466210589,10.872213466210589,0.0,inf,1.0,556.0,0.0
AL41/GD41,1.5,0.5,none,10,47,95.74468085106383,1.1614134673032046,54.586432963250616,1.2663768115614942,-1.2002617785083103,23.739386499123068,0.0,5.276595744680851,1.0756986407986422
AL41/GD41,1.5,0.5,none,20,40,97.5,1.4184935110977956,56.73974044391183,1.466794306747589,-0.46523751924415757,122.95865143484843,0.0,7.1,1.419299995545811
AL41/GD41,1.5,0.5,none,40,35,100.0,1.8357700107672177,64.25195037685262,1.8357700107672177,0.0,inf,0.0,7.828571428571428,1.4431733039648762
AL41/GD41,1.5,0.5,3.0,10,47,95.74468085106383,1.1614134673032046,54.586432963250616,1.2663768115614942,-1.2002617785083103,23.739386499123068,0.0,5.276595744680851,1.0756986407986422
AL41/GD41,1.5,0.5,3.0,20,41,92.6829268292683,1.3355902317644524,54.75919950234255,1.6078390527271156,-2.1128948337626134,9.638890213137602,2.0,6.7317073170731705,0.8289880244600969
AL41/GD41,1.5,0.5,3.0,40,37,91.8918918918919,1.6873280953817251,62.43113952912383,2.0246109248957938,-2.135210639111049,10.746288943045572,3.0,7.216216216216216,0.8772356999644345
AL41/GD41,1.5,0.5,4.0,10,47,95.74468085106383,1.1614134673032046,54.586432963250616,1.2663768115614942,-1.2002617785083103,23.739386499123068,0.0,5.276595744680851,1.0756986407986422
AL41/GD41,1.5,0.5,4.0,20,40,97.5,1.4184935110977956,56.73974044391183,1.466794306747589,-0.46523751924415757,122.95865143484843,0.0,7.1,1.419299995545811
AL41/GD41,1.5,0.5,4.0,40,36,97.22222222222221,1.8117747624860074,65.22389144949626,1.9707339791875216,-3.7517978220669863,18.384703159074366,1.0,7.583333333333333,0.9942615804245902
AL41/GD41,1.5,1.0,none,10,57,92.98245614035088,1.0514442427076354,59.93232183433522,1.1575908958639212,-0.35499891161315067,43.2059898451496,0.0,2.736842105263158,1.2251065203939253
AL41/GD41,1.5,1.0,none,20,50,94.0,1.1139696801500896,55.698484007504476,1.2178682950442838,-0.5137752865256219,37.13673491651867,0.0,3.8,1.2275575410499235
AL41/GD41,1.5,1.0,none,40,43,97.67441860465115,1.5018133413117725,64.57797367640622,1.5525321530013199,-0.6283767496492079,103.7695148053408,0.0,4.186046511627907,1.5243124556515362
AL41/GD41,1.5,1.0,3.0,10,57,92.98245614035088,1.0514442427076354,59.93232183433522,1.1575908958639212,-0.35499891161315067,43.2059898451496,0.0,2.736842105263158,1.2251065203939253
AL41/GD41,1.5,1.0,3.0,20,51,94.11764705882352,1.070077387785544,54.573946777062744,1.2820950015116879,-2.322204431832757,8.833640890090406,2.0,3.607843137254902,0.8449865004180882
AL41/GD41,1.5,1.0,3.0,40,45,91.11111111111111,1.3970828327892513,62.86872747551631,1.6999387131036243,-1.7071899404330702,10.206463496904176,3.0,3.888888888888889,0.8646526570051681
AL41/GD41,1.5,1.0,4.0,10,57,92.98245614035088,1.0514442427076354,59.93232183433522,1.1575908958639212,-0.35499891161315067,43.2059898451496,0.0,2.736842105263158,1.2251065203939253
AL41/GD41,1.5,1.0,4.0,20,50,94.0,1.1139696801500896,55.698484007504476,1.2178682950442838,-0.5137752865256219,37.13673491651867,0.0,3.8,1.2275575410499235
AL41/GD41,1.5,1.0,4.0,40,44,95.45454545454545,1.4897707897511336,65.54991474904988,1.6650021266849064,-2.1900872858580973,15.965137502126263,1.0,4.068181818181818,0.9681040443660425
AL41/GD41,2.0,0.0,none,10,0,,,,,,,,,
AL41/GD41,2.0,0.0,none,20,0,,,,,,,,,
AL41/GD41,2.0,0.0,none,40,0,,,,,,,,,
AL41/GD41,2.0,0.0,3.0,10,0,,,,,,,,,
AL41/GD41,2.0,0.0,3.0,20,2,0.0,-5.670959233128882,-11.341918466257765,0.0,-5.670959233128882,0.0,2.0,263.5,-1.866628562750939
AL41/GD41,2.0,0.0,3.0,40,4,25.0,-1.3577429688954594,-5.430971875581838,4.095580498377016,-3.1755174579862846,0.42991213794955047,4.0,136.25,-0.41066869480753804
AL41/GD41,2.0,0.0,4.0,10,0,,,,,,,,,
AL41/GD41,2.0,0.0,4.0,20,0,,,,,,,,,
AL41/GD41,2.0,0.0,4.0,40,1,100.0,10.872213466210589,10.872213466210589,10.872213466210589,0.0,inf,1.0,556.0,0.0
AL41/GD41,2.0,0.5,none,10,14,92.85714285714286,1.6369950896293417,22.917931254810785,1.7844655451616431,-0.28012083229057405,82.81444795593649,0.0,5.571428571428571,1.158429380029281
AL41/GD41,2.0,0.5,none,20,23,100.0,1.799655639122702,41.39207969982215,1.799655639122702,0.0,inf,0.0,6.739130434782608,1.6830120347547752
AL41/GD41,2.0,0.5,none,40,19,100.0,2.0016016112758184,38.03043061424055,2.0016016112758184,0.0,inf,0.0,7.631578947368421,1.671856382563445
AL41/GD41,2.0,0.5,3.0,10,14,92.85714285714286,1.6369950896293417,22.917931254810785,1.7844655451616431,-0.28012083229057405,82.81444795593649,0.0,5.571428571428571,1.158429380029281
AL41/GD41,2.0,0.5,3.0,20,24,95.83333333333334,1.7636701845377114,42.32808442890507,2.003473141346611,-3.7517978220669863,12.28208033491132,1.0,6.416666666666667,0.9577371373180695
AL41/GD41,2.0,0.5,3.0,40,21,85.71428571428571,1.724267607929132,36.20961976651177,2.3675139824358284,-2.135210639111049,6.652778716262376,3.0,6.571428571428571,0.7583431171460803
AL41/GD41,2.0,0.5,4.0,10,14,92.85714285714286,1.6369950896293417,22.917931254810785,1.7844655451616431,-0.28012083229057405,82.81444795593649,0.0,5.571428571428571,1.158429380029281
AL41/GD41,2.0,0.5,4.0,20,23,100.0,1.799655639122702,41.39207969982215,1.799655639122702,0.0,inf,0.0,6.739130434782608,1.6830120347547752
AL41/GD41,2.0,0.5,4.0,40,20,95.0,1.9501185843442101,39.0023716868842,2.2502194478395365,-3.7517978220669863,11.39564857612624,1.0,7.2,0.9171473523185159
AL41/GD41,2.0,1.0,none,10,15,93.33333333333333,1.3584204383666678,20.376306575500017,1.4645249891927195,-0.12704327319805261,161.3887090010237,0.0,2.8666666666666667,1.4666324062119158
AL41/GD41,2.0,1.0,none,20,24,95.83333333333334,1.347851606406817,32.34843855376361,1.4186330167849646,-0.28012083229057405,116.48030287232632,0.0,4.208333333333333,1.3844781192612239
AL41/GD41,2.0,1.0,none,40,20,100.0,1.678257712302012,33.56515424604024,1.678257712302012,0.0,inf,0.0,4.7,1.7658542890856384
AL41/GD41,2.0,1.0,3.0,10,15,93.33333333333333,1.3584204383666678,20.376306575500017,1.4645249891927195,-0.12704327319805261,161.3887090010237,0.0,2.8666666666666667,1.4666324062119158
AL41/GD41,2.0,1.0,3.0,20,25,96.0,1.3271004707786747,33.17751176946687,1.538721232980577,-3.7517978220669863,9.843096921248359,1.0,4.0,0.8962646607733554
AL41/GD41,2.0,1.0,3.0,40,22,86.36363636363636,1.4479958202341061,31.855908045150333,2.002962687222811,-2.0667943373610242,6.137732295419612,3.0,4.045454545454546,0.6973276729674308
AL41/GD41,2.0,1.0,4.0,10,15,93.33333333333333,1.3584204383666678,20.376306575500017,1.4645249891927195,-0.12704327319805261,161.3887090010237,0.0,2.8666666666666667,1.4666324062119158
AL41/GD41,2.0,1.0,4.0,20,24,95.83333333333334,1.347851606406817,32.34843855376361,1.4186330167849646,-0.28012083229057405,116.48030287232632,0.0,4.208333333333333,1.3844781192612239
AL41/GD41,2.0,1.0,4.0,40,21,95.23809523809523,1.6446235866039947,34.53709531868389,1.914444657037544,-3.7517978220669863,10.205478801535284,1.0,4.428571428571429,0.8388478587114702
AL41/GD41,2.5,0.0,none,10,0,,,,,,,,,
AL41/GD41,2.5,0.0,none,20,0,,,,,,,,,
AL41/GD41,2.5,0.0,none,40,0,,,,,,,,,
AL41/GD41,2.5,0.0,3.0,10,0,,,,,,,,,
AL41/GD41,2.5,0.0,3.0,20,2,50.0,1.2158654474960429,2.4317308949920857,10.513797934382433,-8.082067039390347,1.3008798223449922,2.0,106.0,0.13076729146085692
AL41/GD41,2.5,0.0,3.0,40,4,25.0,0.5249303064463267,2.0997212257853066,4.723212760076269,-0.8744971780969873,1.8003537264520992,4.0,71.75,0.2143295926533776
AL41/GD41,2.5,0.0,4.0,10,0,,,,,,,,,
AL41/GD41,2.5,0.0,4.0,20,0,,,,,,,,,
AL41/GD41,2.5,0.0,4.0,40,1,0.0,-2.6765585932696787,-2.6765585932696787,0.0,-2.6765585932696787,0.0,1.0,398.0,0.0
AL41/GD41,2.5,0.5,none,10,2,100.0,1.6845099002479664,3.369019800495933,1.6845099002479664,0.0,inf,0.0,4.0,1.7217850589744506
AL41/GD41,2.5,0.5,none,20,8,100.0,1.6196792845209567,12.957434276167653,1.6196792845209567,0.0,inf,0.0,8.0,2.2305748486302326
AL41/GD41,2.5,0.5,none,40,7,100.0,2.1789805604867327,15.25286392340713,2.1789805604867327,0.0,inf,0.0,8.571428571428571,3.2124555892864812
AL41/GD41,2.5,0.5,3.0,10,2,100.0,1.6845099002479664,3.369019800495933,1.6845099002479664,0.0,inf,0.0,4.0,1.7217850589744506
AL41/GD41,2.5,0.5,3.0,20,9,88.88888888888889,1.5437154450278416,13.893439005250574,2.205654603414695,-3.7517978220669863,4.703141710764211,1.0,7.0,0.6028889334981421
AL41/GD41,2.5,0.5,3.0,40,8,62.5,1.4627583350848394,11.702066680678715,3.412823392561503,-1.7873500940429323,3.18238659933507,3.0,5.75,0.4635775835343957
AL41/GD41,2.5,0.5,4.0,10,2,100.0,1.6845099002479664,3.369019800495933,1.6845099002479664,0.0,inf,0.0,4.0,1.7217850589744506
AL41/GD41,2.5,0.5,4.0,20,8,100.0,1.6196792845209567,12.957434276167653,1.6196792845209567,0.0,inf,0.0,8.0,2.2305748486302326
AL41/GD41,2.5,0.5,4.0,40,8,87.5,2.0281006245063473,16.22480499605078,2.8538004025882526,-3.7517978220669863,5.324541397359204,1.0,7.375,0.7025046708135191
AL41/GD41,2.5,1.0,none,10,2,100.0,1.0579001393244059,2.1158002786488117,1.0579001393244059,0.0,inf,0.0,3.0,3.00761022741075
AL41/GD41,2.5,1.0,none,20,8,87.5,1.1528737781704577,9.222990225363661,1.357587293950605,-0.28012083229057405,33.925042203917556,0.0,4.625,1.2381980412307574
AL41/GD41,2.5,1.0,none,40,7,100.0,2.004474965369012,14.031324757583082,2.004474965369012,0.0,inf,0.0,6.428571428571429,2.8976743336528226
AL41/GD41,2.5,1.0,3.0,10,2,100.0,1.0579001393244059,2.1158002786488117,1.0579001393244059,0.0,inf,0.0,3.0,3.00761022741075
AL41/GD41,2.5,1.0,3.0,20,9,88.88888888888889,1.116895937896324,10.052063441066915,1.725482657891738,-3.7517978220669863,3.6792657594563316,1.0,4.0,0.5376764311369299
AL41/GD41,2.5,1.0,3.0,40,8,62.5,1.3815072712654317,11.052058170123454,3.28282169045045,-1.7873500940429323,3.061162724817951,3.0,4.625,0.44278954803752224
AL41/GD41,2.5,1.0,4.0,10,2,100.0,1.0579001393244059,2.1158002786488117,1.0579001393244059,0.0,inf,0.0,3.0,3.00761022741075
AL41/GD41,2.5,1.0,4.0,20,8,87.5,1.1528737781704577,9.222990225363661,1.357587293950605,-0.28012083229057405,33.925042203917556,0.0,4.625,1.2381980412307574
AL41/GD41,2.5,1.0,4.0,40,8,87.5,1.8754082287783418,15.003265830226734,2.6792948074705314,-3.7517978220669863,4.998953712799202,1.0,5.5,0.6506536725284547
